{
  "Sample": {
    "Title": "Integrating Azure AD into a Java web application",
    "Level": 400,
    "Client": "Java, MSAL4J"
  },
  "AppRegistrations": [
    {
      "x-ms-id": "JavaWebApp",
      "x-ms-name": "ms-identity-java-webapp",
      "x-ms-version": "2.0",
      "replyUrlsWithType": [
        {
          "url": "http://localhost:8080/msal4jsample/secure/aad",
          "type": "Web"
        } ,
        {
          "url": "http://localhost:8080/msal4jsample/graph/me",
          "type": "Web"
        }
      ],
      "x-ms-passwordCredentials": "Auto",
      "passwordCredentials": [
        {
          "value": "{auto}"
        }
      ],
      "oauth2AllowImplicitFlow": false,
      "oauth2AllowIdTokenImplicitFlow": false,
      "requiredResourceAccess": [
        {
          "x-ms-resourceAppName": "Microsoft Graph",
          "resourceAppId": "00000003-0000-0000-c000-000000000000",
          "resourceAccess": [
            {
              "id": "e1fe6dd8-ba31-4d61-89e7-88639da4683d",
              "type": "Scope",
              "x-ms-name": "user.read"
            }
          ]
        }
      ],
     "codeConfigurations": [	
       {
		     "settingFile": "/src/main/resources/application.properties", 
		     "replaceTokens": 
           {
             "appId": "Enter_the_Application_Id_here",
             "tenantId": "Enter_the_Tenant_Info_Here",
             "clientSecret": "Enter_the_Client_Secret_Here"
			     }
        }
      ]	
    }
  ]
}
